.smooth,.estimate,.se,name,x_value
s(gam_age_offdiag),26.96367092996073,4.610275818992085,offdiag,0
s(gam_age_offdiag),25.10060577710507,4.424727893767833,offdiag,1.0101010101010102
s(gam_age_offdiag),23.241149114211225,4.240658371161844,offdiag,2.0202020202020203
s(gam_age_offdiag),21.39089146955522,4.0584074854153,offdiag,3.0303030303030303
s(gam_age_offdiag),19.5572644720563,3.8783578647260244,offdiag,4.040404040404041
s(gam_age_offdiag),17.748909382882136,3.7008998987801296,offdiag,5.050505050505051
s(gam_age_offdiag),15.97509097492125,3.526404326200735,offdiag,6.0606060606060606
s(gam_age_offdiag),14.245163236520392,3.3552026215175816,offdiag,7.070707070707071
s(gam_age_offdiag),12.568093575642328,3.187575403962752,offdiag,8.080808080808081
s(gam_age_offdiag),10.952051854003667,3.0237486393418656,offdiag,9.090909090909092
s(gam_age_offdiag),9.404069750873422,2.8638969444559352,offdiag,10.101010101010102
s(gam_age_offdiag),7.929774712632647,2.708152916851295,offdiag,11.111111111111112
s(gam_age_offdiag),6.533201162769989,2.5566211723785806,offdiag,12.121212121212121
s(gam_age_offdiag),5.216679809315711,2.4093957208274523,offdiag,13.131313131313131
s(gam_age_offdiag),3.9808038790648843,2.266579448902617,offdiag,14.141414141414142
s(gam_age_offdiag),2.824469019884932,2.1283047742254753,offdiag,15.151515151515152
s(gam_age_offdiag),1.744981534900239,1.9947549160085922,offdiag,16.161616161616163
s(gam_age_offdiag),0.7382276355636453,1.8661856068515126,offdiag,17.171717171717173
s(gam_age_offdiag),-0.20110538870807493,1.7429473365044332,offdiag,18.181818181818183
s(gam_age_offdiag),-1.0792667079854437,1.6255082362031417,offdiag,19.191919191919194
s(gam_age_offdiag),-1.903150001969921,1.5144772922973722,offdiag,20.202020202020204
s(gam_age_offdiag),-2.679984611734844,1.4106264424028347,offdiag,21.212121212121215
s(gam_age_offdiag),-3.4170227221832277,1.314907879939914,offdiag,22.222222222222225
s(gam_age_offdiag),-4.12123537431544,1.2284592219791575,offdiag,23.232323232323235
s(gam_age_offdiag),-4.799029498110082,1.1525842206632746,offdiag,24.242424242424242
s(gam_age_offdiag),-5.455997082624485,1.0886921034006287,offdiag,25.252525252525253
s(gam_age_offdiag),-6.096706092858593,1.0381790315224226,offdiag,26.262626262626263
s(gam_age_offdiag),-6.72454085622297,1.0022479624852882,offdiag,27.272727272727273
s(gam_age_offdiag),-7.341597446910865,0.9816929307774083,offdiag,28.282828282828284
s(gam_age_offdiag),-7.948637181967416,0.9767103995764637,offdiag,29.292929292929294
s(gam_age_offdiag),-8.545098808788039,0.9868146637476313,offdiag,30.303030303030305
s(gam_age_offdiag),-9.129167418860517,1.010900635069474,offdiag,31.313131313131315
s(gam_age_offdiag),-9.697895678778636,1.0474299544382473,offdiag,32.323232323232325
s(gam_age_offdiag),-10.247370736875933,1.0946653952076073,offdiag,33.333333333333336
s(gam_age_offdiag),-10.772918244684352,1.1508776402313194,offdiag,34.343434343434346
s(gam_age_offdiag),-11.269333416388777,1.2144843002037053,offdiag,35.35353535353536
s(gam_age_offdiag),-11.731128008347959,1.2841190401319522,offdiag,36.36363636363637
s(gam_age_offdiag),-12.152781584548473,1.3586490649146588,offdiag,37.37373737373738
s(gam_age_offdiag),-12.528985467543853,1.4371626160581576,offdiag,38.38383838383839
s(gam_age_offdiag),-12.854868356160566,1.518943117311177,offdiag,39.3939393939394
s(gam_age_offdiag),-13.126193691872817,1.6034400080368394,offdiag,40.40404040404041
s(gam_age_offdiag),-13.339520419784826,1.6902411279334857,offdiag,41.41414141414142
s(gam_age_offdiag),-13.492320738273122,1.7790483124492615,offdiag,42.42424242424243
s(gam_age_offdiag),-13.58305066414927,1.869656219140289,offdiag,43.43434343434344
s(gam_age_offdiag),-13.61117164329267,1.9619337683754459,offdiag,44.44444444444445
s(gam_age_offdiag),-13.577123886573476,2.055807497415382,offdiag,45.45454545454546
s(gam_age_offdiag),-13.482254481510486,2.151246296806192,offdiag,46.46464646464647
s(gam_age_offdiag),-13.328705499748107,2.2482472462400453,offdiag,47.47474747474748
s(gam_age_offdiag),-13.119269178298026,2.3468225033672394,offdiag,48.484848484848484
s(gam_age_offdiag),-12.857218704878438,2.4469873894923557,offdiag,49.494949494949495
s(gam_age_offdiag),-12.546124113230212,2.5487499591995766,offdiag,50.505050505050505
s(gam_age_offdiag),-12.189663247980764,2.652102448164068,offdiag,51.515151515151516
s(gam_age_offdiag),-11.79143767434565,2.75701507341181,offdiag,52.525252525252526
s(gam_age_offdiag),-11.354802799392008,2.8634327091727436,offdiag,53.535353535353536
s(gam_age_offdiag),-10.882720381406395,2.9712749603034654,offdiag,54.54545454545455
s(gam_age_offdiag),-10.377640101277759,3.080440075358796,offdiag,55.55555555555556
s(gam_age_offdiag),-9.841415046328676,3.19081295520871,offdiag,56.56565656565657
s(gam_age_offdiag),-9.275253921375072,3.3022772068600466,offdiag,57.57575757575758
s(gam_age_offdiag),-8.679710673325967,3.414730775925946,offdiag,58.58585858585859
s(gam_age_offdiag),-8.054710117381708,3.5281042029239353,offdiag,59.5959595959596
s(gam_age_offdiag),-7.399606204331666,3.642380050675965,offdiag,60.60606060606061
s(gam_age_offdiag),-6.713267878514378,3.7576116195014087,offdiag,61.61616161616162
s(gam_age_offdiag),-5.994186136708043,3.8739387814541404,offdiag,62.62626262626263
s(gam_age_offdiag),-5.240594979365796,3.991598688862129,offdiag,63.63636363636364
s(gam_age_offdiag),-4.450598490826926,4.110929284587878,offdiag,64.64646464646465
s(gam_age_offdiag),-3.622296309528385,4.232363966947698,offdiag,65.65656565656566
s(gam_age_offdiag),-2.753900238787648,4.356416410197896,offdiag,66.66666666666667
s(gam_age_offdiag),-1.843835661477065,4.483655348009941,offdiag,67.67676767676768
s(gam_age_offdiag),-0.8908226908262389,4.614670004400673,offdiag,68.68686868686869
s(gam_age_offdiag),0.10606647299226962,4.750027706019619,offdiag,69.6969696969697
s(gam_age_offdiag),1.1473758075960394,4.890225940383664,offdiag,70.70707070707071
s(gam_age_offdiag),2.2332594236383865,5.03564166912377,offdiag,71.71717171717172
s(gam_age_offdiag),3.3634995797974363,5.186481031258616,offdiag,72.72727272727273
s(gam_age_offdiag),4.537545591763175,5.3427326836949875,offdiag,73.73737373737374
s(gam_age_offdiag),5.7545691943521335,5.504127957135197,offdiag,74.74747474747475
s(gam_age_offdiag),7.013530977450677,5.670110797922621,offdiag,75.75757575757576
s(gam_age_offdiag),8.313251969027736,5.839820153052401,offdiag,76.76767676767678
s(gam_age_offdiag),9.652484310502212,6.012087046643918,offdiag,77.77777777777779
s(gam_age_offdiag),11.029975262638914,6.185448077240125,offdiag,78.7878787878788
s(gam_age_offdiag),12.44451946830901,6.358176408457445,offdiag,79.7979797979798
s(gam_age_offdiag),13.894995431413097,6.528330507558278,offdiag,80.80808080808082
s(gam_age_offdiag),15.380383477185552,6.693819906866028,offdiag,81.81818181818183
s(gam_age_offdiag),16.899763949759087,6.852486154293306,offdiag,82.82828282828284
s(gam_age_offdiag),18.452295979501653,7.00219594794517,offdiag,83.83838383838385
s(gam_age_offdiag),20.037178712576566,7.140942306786418,offdiag,84.84848484848486
s(gam_age_offdiag),21.653598338519647,7.266948616170679,offdiag,85.85858585858587
s(gam_age_offdiag),23.300665487825686,7.378769600843686,offdiag,86.86868686868688
s(gam_age_offdiag),24.97734852519737,7.475382800486302,offdiag,87.87878787878789
s(gam_age_offdiag),26.682408879881088,7.556264013689094,offdiag,88.8888888888889
s(gam_age_offdiag),28.414344800599913,7.621440471954828,offdiag,89.89898989898991
s(gam_age_offdiag),30.17134979273469,7.671516221165741,offdiag,90.90909090909092
s(gam_age_offdiag),31.951291509288932,7.707665320692809,offdiag,91.91919191919193
s(gam_age_offdiag),33.75171606916691,7.731589998614439,offdiag,92.92929292929294
s(gam_age_offdiag),35.56988173269418,7.745442780775951,offdiag,93.93939393939395
s(gam_age_offdiag),37.402824659362864,7.751713761289127,offdiag,94.94949494949496
s(gam_age_offdiag),39.24745820368025,7.753086467537554,offdiag,95.95959595959597
s(gam_age_offdiag),41.10070597635268,7.752267986287497,offdiag,96.96969696969697
s(gam_age_offdiag),42.959667816237044,7.7518008766672635,offdiag,97.97979797979798
s(gam_age_offdiag),44.82181698632854,7.753865576190215,offdiag,98.98989898989899
s(gam_age_offdiag),46.685226419219,7.7600822250347425,offdiag,100
s(gam_age_offdiag_2),31.545497000448055,3.209782742967718,offdiag_2,0
s(gam_age_offdiag_2),29.467163449275144,2.9981569500108196,offdiag_2,101.01010101010101
s(gam_age_offdiag_2),27.388829840874852,2.7865327368872794,offdiag_2,202.02020202020202
s(gam_age_offdiag_2),25.310496107144196,2.5749103501245783,offdiag_2,303.030303030303
s(gam_age_offdiag_2),23.232162196768474,2.3632901564085342,offdiag_2,404.04040404040404
s(gam_age_offdiag_2),21.153828089447497,2.1516727303387553,offdiag_2,505.0505050505051
s(gam_age_offdiag_2),19.07549380186027,1.9400589783510362,offdiag_2,606.060606060606
s(gam_age_offdiag_2),16.99715938793331,1.7284503377999436,offdiag_2,707.070707070707
s(gam_age_offdiag_2),14.918824934795584,1.5168491289843387,offdiag_2,808.0808080808081
s(gam_age_offdiag_2),12.840490555436535,1.3052592384302781,offdiag_2,909.0909090909091
s(gam_age_offdiag_2),10.762156379137046,1.093687588751226,offdiag_2,1010.1010101010102
s(gam_age_offdiag_2),8.683822540766194,0.8821477241879178,offdiag_2,1111.111111111111
s(gam_age_offdiag_2),6.60548916985128,0.6706701899129728,offdiag_2,1212.121212121212
s(gam_age_offdiag_2),4.527156380534517,0.4593415861434544,offdiag_2,1313.1313131313132
s(gam_age_offdiag_2),2.448824262957316,0.24854265066261985,offdiag_2,1414.141414141414
s(gam_age_offdiag_2),0.3704928768808637,0.04620464053331895,offdiag_2,1515.1515151515152
s(gam_age_offdiag_2),-1.7078377519787586,0.17910584078836117,offdiag_2,1616.1616161616162
s(gam_age_offdiag_2),-3.78616763321191,0.38936538727435194,offdiag_2,1717.171717171717
s(gam_age_offdiag_2),-5.864496809957712,0.600594866867912,offdiag_2,1818.1818181818182
s(gam_age_offdiag_2),-7.9428253547076695,0.8120376259032408,offdiag_2,1919.1919191919192
s(gam_age_offdiag_2),-10.021153363129624,1.0235614506701263,offdiag_2,2020.2020202020203
s(gam_age_offdiag_2),-12.099480946323986,1.2351246961649507,offdiag_2,2121.212121212121
s(gam_age_offdiag_2),-14.177808222132343,1.4467101164427338,offdiag_2,2222.222222222222
s(gam_age_offdiag_2),-16.256135306174027,1.6583093091034307,offdiag_2,2323.2323232323233
s(gam_age_offdiag_2),-18.334462303287772,1.869917713107609,offdiag_2,2424.242424242424
s(gam_age_offdiag_2),-20.412789299954046,2.0815326540152745,offdiag_2,2525.252525252525
s(gam_age_offdiag_2),-22.491116358194336,2.293152469009801,offdiag_2,2626.2626262626263
s(gam_age_offdiag_2),-24.56944351133002,2.504776073477465,offdiag_2,2727.2727272727275
s(gam_age_offdiag_2),-26.647770761841098,2.716402728633478,offdiag_2,2828.282828282828
s(gam_age_offdiag_2),-28.72609808141314,2.9280319088370605,offdiag_2,2929.2929292929293
s(gam_age_offdiag_2),-30.804425413108486,3.139663222030661,offdiag_2,3030.3030303030305
s(gam_age_offdiag_2),-32.882752675455954,3.351296360390653,offdiag_2,3131.313131313131
s(gam_age_offdiag_2),-34.96107976812915,3.562931069231974,offdiag_2,3232.3232323232323
s(gam_age_offdiag_2),-37.03940657883577,3.774567127597419,offdiag_2,3333.3333333333335
s(gam_age_offdiag_2),-39.11773299094687,3.9862043366889974,offdiag_2,3434.343434343434
s(gam_age_offdiag_2),-41.19605889131186,4.197842513656193,offdiag_2,3535.3535353535353
s(gam_age_offdiag_2),-43.274384177733474,4.409481489024231,offdiag_2,3636.3636363636365
s(gam_age_offdiag_2),-45.35270876561637,4.62112110646733,offdiag_2,3737.373737373737
s(gam_age_offdiag_2),-47.43103259339583,4.832761223918843,offdiag_2,3838.3838383838383
s(gam_age_offdiag_2),-49.5093556266335,5.044401715321647,offdiag_2,3939.3939393939395
s(gam_age_offdiag_2),-51.58767786054779,5.256042472544571,offdiag_2,4040.4040404040406
s(gam_age_offdiag_2),-53.665999320190124,5.467683406726725,offdiag_2,4141.414141414141
s(gam_age_offdiag_2),-55.74432005886681,5.679324448929185,offdiag_2,4242.424242424242
s(gam_age_offdiag_2),-57.82264015506152,5.890965550106022,offdiag_2,4343.434343434344
s(gam_age_offdiag_2),-59.90095970825861,6.102606680736955,offdiag_2,4444.444444444444
s(gam_age_offdiag_2),-61.979278832961334,6.3142478297109665,offdiag_2,4545.454545454545
s(gam_age_offdiag_2),-64.05759765166336,6.525889002177106,offdiag_2,4646.464646464647
s(gam_age_offdiag_2),-66.1359162882512,6.7375302173841005,offdiag_2,4747.474747474747
s(gam_age_offdiag_2),-68.21423486116274,6.949171506595069,offdiag_2,4848.484848484848
s(gam_age_offdiag_2),-70.29255347595787,7.160812910290054,offdiag_2,4949.49494949495
s(gam_age_offdiag_2),-72.37087222001347,7.372454474963502,offdiag_2,5050.50505050505
s(gam_age_offdiag_2),-74.44919115848211,7.584096250530727,offdiag_2,5151.515151515152
s(gam_age_offdiag_2),-76.52751032930682,7.795738287371784,offdiag_2,5252.525252525253
s(gam_age_offdiag_2),-78.60582974187105,8.007380633213351,offdiag_2,5353.535353535353
s(gam_age_offdiag_2),-80.68414937801221,8.219023331034379,offdiag_2,5454.545454545455
s(gam_age_offdiag_2),-82.76246919144242,8.43066641667348,offdiag_2,5555.555555555556
s(gam_age_offdiag_2),-84.84078911053734,8.642309916811671,offdiag_2,5656.565656565656
s(gam_age_offdiag_2),-86.9191090439854,8.853953848740188,offdiag_2,5757.575757575758
s(gam_age_offdiag_2),-88.99742888382394,9.065598219448928,offdiag_2,5858.585858585859
s(gam_age_offdiag_2),-91.07574851188743,9.27724302557643,offdiag_2,5959.595959595959
s(gam_age_offdiag_2),-93.15406780638816,9.48888825521136,offdiag_2,6060.606060606061
s(gam_age_offdiag_2),-95.23238664682881,9.700533888342383,offdiag_2,6161.616161616162
s(gam_age_offdiag_2),-97.31070492174796,9.912179898695534,offdiag_2,6262.626262626262
s(gam_age_offdiag_2),-99.38902253189937,10.123826255923131,offdiag_2,6363.636363636364
s(gam_age_offdiag_2),-101.46733939641106,10.335472926744764,offdiag_2,6464.646464646465
s(gam_age_offdiag_2),-103.5456554566197,10.547119877230294,offdiag_2,6565.656565656565
s(gam_age_offdiag_2),-105.62397067539517,10.758767073757694,offdiag_2,6666.666666666667
s(gam_age_offdiag_2),-107.70228504308824,10.970414484716112,offdiag_2,6767.676767676768
s(gam_age_offdiag_2),-109.78059857302674,11.1820620812129,offdiag_2,6868.686868686868
s(gam_age_offdiag_2),-111.85891130188905,11.393709837653006,offdiag_2,6969.69696969697
s(gam_age_offdiag_2),-113.93722328879967,11.605357733052013,offdiag_2,7070.707070707071
s(gam_age_offdiag_2),-116.0155346083697,11.81700575015096,offdiag_2,7171.717171717171
s(gam_age_offdiag_2),-118.09384535092398,12.028653876943944,offdiag_2,7272.727272727273
s(gam_age_offdiag_2),-120.17215561459055,12.240302105729251,offdiag_2,7373.737373737374
s(gam_age_offdiag_2),-122.25046550308514,12.451950433245878,offdiag_2,7474.747474747474
s(gam_age_offdiag_2),-124.32877511940733,12.663598860771888,offdiag_2,7575.757575757576
s(gam_age_offdiag_2),-126.4070845633578,12.87524739269907,offdiag_2,7676.767676767677
s(gam_age_offdiag_2),-128.48539392566752,13.086896036927289,offdiag_2,7777.777777777777
s(gam_age_offdiag_2),-130.56370328693907,13.298544803083717,offdiag_2,7878.787878787879
s(gam_age_offdiag_2),-132.64201271405136,13.51019370232399,offdiag_2,7979.79797979798
s(gam_age_offdiag_2),-134.72032225847693,13.721842746004574,offdiag_2,8080.808080808081
s(gam_age_offdiag_2),-136.79863195774598,13.933491945148951,offdiag_2,8181.818181818182
s(gam_age_offdiag_2),-138.87694183189254,14.145141309568569,offdiag_2,8282.828282828283
s(gam_age_offdiag_2),-140.95525188946849,14.356790847694816,offdiag_2,8383.838383838383
s(gam_age_offdiag_2),-143.03356212381433,14.568440566072828,offdiag_2,8484.848484848484
s(gam_age_offdiag_2),-145.11187252032124,14.780090469760237,offdiag_2,8585.858585858587
s(gam_age_offdiag_2),-147.19018305477093,14.991740562223947,offdiag_2,8686.868686868687
s(gam_age_offdiag_2),-149.26849369923758,15.203390845971201,offdiag_2,8787.878787878788
s(gam_age_offdiag_2),-151.34680442246807,15.415041322699205,offdiag_2,8888.888888888889
s(gam_age_offdiag_2),-153.42511519421467,15.626691993738513,offdiag_2,8989.89898989899
s(gam_age_offdiag_2),-155.50342598582813,15.838342860110233,offdiag_2,9090.90909090909
s(gam_age_offdiag_2),-157.58173677382842,16.04999392256473,offdiag_2,9191.919191919193
s(gam_age_offdiag_2),-159.66004753905733,16.26164518132213,offdiag_2,9292.929292929293
s(gam_age_offdiag_2),-161.7383582698679,16.47329663578359,offdiag_2,9393.939393939394
s(gam_age_offdiag_2),-163.8166689594728,16.684948284065594,offdiag_2,9494.949494949495
s(gam_age_offdiag_2),-165.89497960831704,16.896600122739052,offdiag_2,9595.959595959595
s(gam_age_offdiag_2),-167.9732902204958,17.108252146488596,offdiag_2,9696.969696969696
s(gam_age_offdiag_2),-170.05160080445555,17.31990434839677,offdiag_2,9797.979797979799
s(gam_age_offdiag_2),-172.12991136992298,17.531556719956832,offdiag_2,9898.9898989899
s(gam_age_offdiag_2),-174.20822192620224,17.743209252407443,offdiag_2,10000
s(gam_age_diag_prod),1.7802005455019445,2.6112881932489764,diag_prod,0
s(gam_age_diag_prod),1.7196511241308527,2.4968219582909046,diag_prod,90.9090909090909
s(gam_age_diag_prod),1.6586352166012865,2.382531667015003,diag_prod,181.8181818181818
s(gam_age_diag_prod),1.59618359238392,2.2684603758459208,diag_prod,272.72727272727275
s(gam_age_diag_prod),1.5311066762577075,2.1546510756963335,diag_prod,363.6363636363636
s(gam_age_diag_prod),1.4622454505267417,2.0411393612946203,diag_prod,454.5454545454545
s(gam_age_diag_prod),1.3886344627287124,1.927951150702066,diag_prod,545.4545454545455
s(gam_age_diag_prod),1.309626879166684,1.8151038496071084,diag_prod,636.3636363636364
s(gam_age_diag_prod),1.224975197797258,1.7026097239257176,diag_prod,727.2727272727273
s(gam_age_diag_prod),1.134854225433785,1.5904801899675198,diag_prod,818.1818181818181
s(gam_age_diag_prod),1.0398176955994378,1.4787299009191992,diag_prod,909.090909090909
s(gam_age_diag_prod),0.9407448611262633,1.367379933362308,diag_prod,1000
s(gam_age_diag_prod),0.8387600141546883,1.256460681885974,diag_prod,1090.909090909091
s(gam_age_diag_prod),0.7351670956010828,1.146015518043299,diag_prod,1181.8181818181818
s(gam_age_diag_prod),0.6313437507887046,1.0361071548658185,diag_prod,1272.7272727272727
s(gam_age_diag_prod),0.5286345768789391,0.9268296443897972,diag_prod,1363.6363636363635
s(gam_age_diag_prod),0.42825745029756884,0.8183308511271197,diag_prod,1454.5454545454545
s(gam_age_diag_prod),0.3312307497320366,0.7108546582588096,diag_prod,1545.4545454545455
s(gam_age_diag_prod),0.23830994698080635,0.6048254182951939,diag_prod,1636.3636363636363
s(gam_age_diag_prod),0.14999727792869033,0.5010287075503527,diag_prod,1727.2727272727273
s(gam_age_diag_prod),0.06652388668706088,0.40104646599725413,diag_prod,1818.181818181818
s(gam_age_diag_prod),-0.01217056008899875,0.3084176941366043,diag_prod,1909.090909090909
s(gam_age_diag_prod),-0.08641016441756225,0.23186716044142855,diag_prod,2000
s(gam_age_diag_prod),-0.15673938503770335,0.1914164760311872,diag_prod,2090.909090909091
s(gam_age_diag_prod),-0.2238641967217033,0.20887411702623093,diag_prod,2181.818181818182
s(gam_age_diag_prod),-0.28859179052413864,0.2731198709755034,diag_prod,2272.7272727272725
s(gam_age_diag_prod),-0.3517582782834976,0.35972649574701154,diag_prod,2363.6363636363635
s(gam_age_diag_prod),-0.4141690330445703,0.45598225398434605,diag_prod,2454.5454545454545
s(gam_age_diag_prod),-0.47654240101311335,0.5567891472538481,diag_prod,2545.4545454545455
s(gam_age_diag_prod),-0.5394701143290523,0.6599719017161146,diag_prod,2636.3636363636365
s(gam_age_diag_prod),-0.603379917688498,0.764494129671577,diag_prod,2727.272727272727
s(gam_age_diag_prod),-0.6685079893850452,0.8698120688650303,diag_prod,2818.181818181818
s(gam_age_diag_prod),-0.7349177427646294,0.9756166286705406,diag_prod,2909.090909090909
s(gam_age_diag_prod),-0.8025113709380134,1.0817203558036423,diag_prod,3000
s(gam_age_diag_prod),-0.8710324095145949,1.1880036831183471,diag_prod,3090.909090909091
s(gam_age_diag_prod),-0.9400972692356934,1.294386967759806,diag_prod,3181.8181818181815
s(gam_age_diag_prod),-1.0092429768170985,1.4008150779198791,diag_prod,3272.7272727272725
s(gam_age_diag_prod),-1.0779652549047598,1.5072486765274271,diag_prod,3363.6363636363635
s(gam_age_diag_prod),-1.1457609066053536,1.6136586930977113,diag_prod,3454.5454545454545
s(gam_age_diag_prod),-1.2121724745465745,1.7200223749717445,diag_prod,3545.4545454545455
s(gam_age_diag_prod),-1.2768188995491512,1.8263204014997605,diag_prod,3636.363636363636
s(gam_age_diag_prod),-1.339413226971711,1.9325349315760751,diag_prod,3727.272727272727
s(gam_age_diag_prod),-1.3997892589703678,2.0386483291341255,diag_prod,3818.181818181818
s(gam_age_diag_prod),-1.4579123452506142,2.144642569738835,diag_prod,3909.090909090909
s(gam_age_diag_prod),-1.5138730684079895,2.250499291711168,diag_prod,4000
s(gam_age_diag_prod),-1.5678799100793692,2.356200216958322,diag_prod,4090.909090909091
s(gam_age_diag_prod),-1.620233660074744,2.4617277227253007,diag_prod,4181.818181818182
s(gam_age_diag_prod),-1.6713078841250508,2.5670655531928883,diag_prod,4272.727272727273
s(gam_age_diag_prod),-1.721532934591321,2.6721995884270293,diag_prod,4363.636363636364
s(gam_age_diag_prod),-1.7713734472362836,2.777118203907665,diag_prod,4454.545454545454
s(gam_age_diag_prod),-1.8212974303602942,2.8818121341998175,diag_prod,4545.454545454545
s(gam_age_diag_prod),-1.8717533533780015,2.986274174624425,diag_prod,4636.363636363636
s(gam_age_diag_prod),-1.9231534387279268,3.0904985829675495,diag_prod,4727.272727272727
s(gam_age_diag_prod),-1.9758549602529325,3.1944812648358787,diag_prod,4818.181818181818
s(gam_age_diag_prod),-2.0301439654883238,3.2982202038463564,diag_prod,4909.090909090909
s(gam_age_diag_prod),-2.0862361638983487,3.401715468022664,diag_prod,5000
s(gam_age_diag_prod),-2.1442816653547343,3.5049693234754247,diag_prod,5090.909090909091
s(gam_age_diag_prod),-2.204367792795286,3.60798654716807,diag_prod,5181.818181818182
s(gam_age_diag_prod),-2.2665177626468123,3.7107748374587457,diag_prod,5272.727272727273
s(gam_age_diag_prod),-2.330694914096883,3.8133447694052682,diag_prod,5363.636363636363
s(gam_age_diag_prod),-2.3968202253264446,3.9157089436877865,diag_prod,5454.545454545454
s(gam_age_diag_prod),-2.4647850746105884,4.017881228968555,diag_prod,5545.454545454545
s(gam_age_diag_prod),-2.534457954513294,4.119876324728551,diag_prod,5636.363636363636
s(gam_age_diag_prod),-2.6056934331528785,4.2217091953737995,diag_prod,5727.272727272727
s(gam_age_diag_prod),-2.678340886009699,4.323394775416949,diag_prod,5818.181818181818
s(gam_age_diag_prod),-2.752250110179957,4.424947889071646,diag_prod,5909.090909090909
s(gam_age_diag_prod),-2.8272754935011255,4.5263836195965945,diag_prod,6000
s(gam_age_diag_prod),-2.9032808610070604,4.627718313562959,diag_prod,6090.909090909091
s(gam_age_diag_prod),-2.9801394038759548,4.728970011295243,diag_prod,6181.818181818182
s(gam_age_diag_prod),-3.057732936289487,4.8301587741185585,diag_prod,6272.727272727273
s(gam_age_diag_prod),-3.1359537377377174,4.931307128275232,diag_prod,6363.636363636363
s(gam_age_diag_prod),-3.2147037356514514,5.032439791412346,diag_prod,6454.545454545454
s(gam_age_diag_prod),-3.293891704473992,5.1335828648964785,diag_prod,6545.454545454545
s(gam_age_diag_prod),-3.3734328906175186,5.23476311316,diag_prod,6636.363636363636
s(gam_age_diag_prod),-3.453248716756976,5.336007102727882,diag_prod,6727.272727272727
s(gam_age_diag_prod),-3.5332676527124565,5.43734032326629,diag_prod,6818.181818181818
s(gam_age_diag_prod),-3.613424262907696,5.538786461575558,diag_prod,6909.090909090909
s(gam_age_diag_prod),-3.6936592979125913,5.640367021937844,diag_prod,7000
s(gam_age_diag_prod),-3.773920990118962,5.742101242158382,diag_prod,7090.909090909091
s(gam_age_diag_prod),-3.8541668417212946,5.84400624050153,diag_prod,7181.818181818182
s(gam_age_diag_prod),-3.934363269822013,5.946097502141195,diag_prod,7272.727272727272
s(gam_age_diag_prod),-4.01448533574266,6.048389387057103,diag_prod,7363.636363636363
s(gam_age_diag_prod),-4.094516731121502,6.150895465410075,diag_prod,7454.545454545454
s(gam_age_diag_prod),-4.174448271431089,6.253628741084576,diag_prod,7545.454545454545
s(gam_age_diag_prod),-4.254278934565482,6.356601463653743,diag_prod,7636.363636363636
s(gam_age_diag_prod),-4.334014019351253,6.459824774283163,diag_prod,7727.272727272727
s(gam_age_diag_prod),-4.413661493261364,6.563308275415353,diag_prod,7818.181818181818
s(gam_age_diag_prod),-4.493231867178239,6.667059537017156,diag_prod,7909.090909090909
s(gam_age_diag_prod),-4.572737560832673,6.771083679568719,diag_prod,8000
s(gam_age_diag_prod),-4.652191570078944,6.875383215240861,diag_prod,8090.909090909091
s(gam_age_diag_prod),-4.731606237441421,6.979958065047768,diag_prod,8181.818181818182
s(gam_age_diag_prod),-4.8109928493133065,7.084805293186109,diag_prod,8272.727272727272
s(gam_age_diag_prod),-4.890361399668439,7.1899191090150145,diag_prod,8363.636363636364
s(gam_age_diag_prod),-4.969719004066786,7.295292106262513,diag_prod,8454.545454545454
s(gam_age_diag_prod),-5.0490695381585455,7.400916318808755,diag_prod,8545.454545454546
s(gam_age_diag_prod),-5.1284150528304755,7.506783082928095,diag_prod,8636.363636363636
s(gam_age_diag_prod),-5.207756999582036,7.612882517979322,diag_prod,8727.272727272728
s(gam_age_diag_prod),-5.287096805760942,7.719203144088625,diag_prod,8818.181818181818
s(gam_age_diag_prod),-5.366435769287257,7.825732262872017,diag_prod,8909.090909090908
s(gam_age_diag_prod),-5.445774555400605,7.93245776007214,diag_prod,9000
s(gam_age_diag_sum),0.52810729103135,1.454730387399934,diag_sum,0
s(gam_age_diag_sum),0.5349596278923734,1.4245270319896202,diag_sum,1.9191919191919191
s(gam_age_diag_sum),0.5417569939591378,1.3950232767222686,diag_sum,3.8383838383838382
s(gam_age_diag_sum),0.5483939194551828,1.3661986642855672,diag_sum,5.757575757575758
s(gam_age_diag_sum),0.5547152560305245,1.337998540293721,diag_sum,7.6767676767676765
s(gam_age_diag_sum),0.5605236250683198,1.3103382450052703,diag_sum,9.595959595959595
s(gam_age_diag_sum),0.5655867693642725,1.2831098011348903,diag_sum,11.515151515151516
s(gam_age_diag_sum),0.5696450429044632,1.2561907219566275,diag_sum,13.434343434343434
s(gam_age_diag_sum),0.5724192446509287,1.2294541583388552,diag_sum,15.353535353535353
s(gam_age_diag_sum),0.5736189438093171,1.2027793108691751,diag_sum,17.272727272727273
s(gam_age_diag_sum),0.5729513629586045,1.1760609287727546,diag_sum,19.19191919191919
s(gam_age_diag_sum),0.5701307898156213,1.1492168234772753,diag_sum,21.11111111111111
s(gam_age_diag_sum),0.5648883871812388,1.1221926135206999,diag_sum,23.03030303030303
s(gam_age_diag_sum),0.5569821729430462,1.0949633242862873,diag_sum,24.949494949494948
s(gam_age_diag_sum),0.5462068574113909,1.0675319088045012,diag_sum,26.86868686868687
s(gam_age_diag_sum),0.5324031567693027,1.0399251523700985,diag_sum,28.787878787878785
s(gam_age_diag_sum),0.5154661632266336,1.0121877168650617,diag_sum,30.707070707070706
s(gam_age_diag_sum),0.49535234572646714,0.9843752263585259,diag_sum,32.62626262626262
s(gam_age_diag_sum),0.4720847768826935,0.9565472885861991,diag_sum,34.54545454545455
s(gam_age_diag_sum),0.4457562378838001,0.9287612107204017,diag_sum,36.464646464646464
s(gam_age_diag_sum),0.41652993804676,0.9010669434698974,diag_sum,38.38383838383838
s(gam_age_diag_sum),0.3846376947933583,0.8735035306539755,diag_sum,40.303030303030305
s(gam_age_diag_sum),0.3503755461110477,0.8460971068468426,diag_sum,42.22222222222222
s(gam_age_diag_sum),0.31409690270125207,0.8188603153632509,diag_sum,44.14141414141414
s(gam_age_diag_sum),0.2762034818519215,0.7917929322590775,diag_sum,46.06060606060606
s(gam_age_diag_sum),0.23713439028151967,0.7648834730616896,diag_sum,47.97979797979798
s(gam_age_diag_sum),0.19735382994093548,0.7381116001384365,diag_sum,49.898989898989896
s(gam_age_diag_sum),0.1573379805306961,0.71145120229018,diag_sum,51.81818181818181
s(gam_age_diag_sum),0.1175616632968069,0.6848740478218613,diag_sum,53.73737373737374
s(gam_age_diag_sum),0.07848540330585299,0.658353898063792,diag_sum,55.656565656565654
s(gam_age_diag_sum),0.040543480778353125,0.6318709130663653,diag_sum,57.57575757575757
s(gam_age_diag_sum),0.004133502183372932,0.6054161040892659,diag_sum,59.494949494949495
s(gam_age_diag_sum),-0.03039207114506237,0.5789955243189635,diag_sum,61.41414141414141
s(gam_age_diag_sum),-0.06273211853434711,0.5526338752956188,diag_sum,63.33333333333333
s(gam_age_diag_sum),-0.09264059934266107,0.526377266216919,diag_sum,65.25252525252525
s(gam_age_diag_sum),-0.11992780339600903,0.5002950016120459,diag_sum,67.17171717171716
s(gam_age_diag_sum),-0.14445922692224278,0.47448047244115593,diag_sum,69.0909090909091
s(gam_age_diag_sum),-0.16615232548342657,0.4490514490258536,diag_sum,71.01010101010101
s(gam_age_diag_sum),-0.18497151336332696,0.4241502697608303,diag_sum,72.92929292929293
s(gam_age_diag_sum),-0.20092186955127017,0.3999445281743285,diag_sum,74.84848484848484
s(gam_age_diag_sum),-0.21404206632980166,0.37662882096040495,diag_sum,76.76767676767676
s(gam_age_diag_sum),-0.22439706210825436,0.3544278684064004,diag_sum,78.68686868686868
s(gam_age_diag_sum),-0.23207108061214485,0.3336007882545025,diag_sum,80.60606060606061
s(gam_age_diag_sum),-0.23716134561702176,0.31444543458384916,diag_sum,82.52525252525253
s(gam_age_diag_sum),-0.23977295618623584,0.29730049166298206,diag_sum,84.44444444444444
s(gam_age_diag_sum),-0.24001517712174147,0.28254160955822133,diag_sum,86.36363636363636
s(gam_age_diag_sum),-0.237999291663722,0.2705668935897441,diag_sum,88.28282828282828
s(gam_age_diag_sum),-0.23383802776539048,0.2617677964342682,diag_sum,90.2020202020202
s(gam_age_diag_sum),-0.22764643546504015,0.2564855197259537,diag_sum,92.12121212121212
s(gam_age_diag_sum),-0.21954397076866278,0.25496066742054685,diag_sum,94.04040404040404
s(gam_age_diag_sum),-0.20965743999566322,0.2572916082750407,diag_sum,95.95959595959596
s(gam_age_diag_sum),-0.1981243854410867,0.2634180292668805,diag_sum,97.87878787878788
s(gam_age_diag_sum),-0.18509645258590252,0.2731366981817094,diag_sum,99.79797979797979
s(gam_age_diag_sum),-0.17074227555403382,0.28614188132732044,diag_sum,101.71717171717171
s(gam_age_diag_sum),-0.15524945225596717,0.3020738033606998,diag_sum,103.63636363636363
s(gam_age_diag_sum),-0.13882524818686887,0.32056002038310694,diag_sum,105.55555555555556
s(gam_age_diag_sum),-0.12169576570178886,0.34124251777757764,diag_sum,107.47474747474747
s(gam_age_diag_sum),-0.10410343595804589,0.3637909446414177,diag_sum,109.39393939393939
s(gam_age_diag_sum),-0.08630282490695207,0.3879062724561134,diag_sum,111.31313131313131
s(gam_age_diag_sum),-0.06855488290818063,0.41331966933027875,diag_sum,113.23232323232322
s(gam_age_diag_sum),-0.05111989951528322,0.43979017531374104,diag_sum,115.15151515151514
s(gam_age_diag_sum),-0.03424954087393603,0.46710316666711327,diag_sum,117.07070707070707
s(gam_age_diag_sum),-0.018178438175808866,0.4950702464203619,diag_sum,118.98989898989899
s(gam_age_diag_sum),-0.003115854239951612,0.5235302846837071,diag_sum,120.9090909090909
s(gam_age_diag_sum),0.010762022469512338,0.5523508456517229,diag_sum,122.82828282828282
s(gam_age_diag_sum),0.02331862155187014,0.5814291055604526,diag_sum,124.74747474747474
s(gam_age_diag_sum),0.03446189712625452,0.6106915032998375,diag_sum,126.66666666666666
s(gam_age_diag_sum),0.04414721213068161,0.6400916759653471,diag_sum,128.58585858585857
s(gam_age_diag_sum),0.05237793650618508,0.669606623929061,diag_sum,130.5050505050505
s(gam_age_diag_sum),0.05920363822318252,0.6992314304325391,diag_sum,132.4242424242424
s(gam_age_diag_sum),0.06471590096754744,0.7289731462127086,diag_sum,134.34343434343432
s(gam_age_diag_sum),0.06904195861632954,0.7588445809695352,diag_sum,136.26262626262627
s(gam_age_diag_sum),0.07233648355463422,0.7888586979821404,diag_sum,138.1818181818182
s(gam_age_diag_sum),0.07477199308788522,0.8190241073092143,diag_sum,140.1010101010101
s(gam_age_diag_sum),0.07652843660082695,0.8493418586093753,diag_sum,142.02020202020202
s(gam_age_diag_sum),0.07778258844041439,0.8798034331899218,diag_sum,143.93939393939394
s(gam_age_diag_sum),0.07869789251578099,0.9103896133808732,diag_sum,145.85858585858585
s(gam_age_diag_sum),0.07941538523669507,0.9410698291509606,diag_sum,147.77777777777777
s(gam_age_diag_sum),0.08004625946777841,0.9718016639630416,diag_sum,149.6969696969697
s(gam_age_diag_sum),0.08066652901034425,1.0025304166444848,diag_sum,151.6161616161616
s(gam_age_diag_sum),0.08131412058167972,1.033188894343451,diag_sum,153.53535353535352
s(gam_age_diag_sum),0.08198856363553217,1.0636978619235862,diag_sum,155.45454545454544
s(gam_age_diag_sum),0.08265327880567597,1.0939677100080478,diag_sum,157.37373737373736
s(gam_age_diag_sum),0.08324029441323641,1.1239018697422427,diag_sum,159.29292929292927
s(gam_age_diag_sum),0.08365705869705031,1.1534022840084253,diag_sum,161.21212121212122
s(gam_age_diag_sum),0.08379487392876936,1.1823768773139398,diag_sum,163.13131313131314
s(gam_age_diag_sum),0.08353836672325787,1.210748524268087,diag_sum,165.05050505050505
s(gam_age_diag_sum),0.08277533399859144,1.2384645948913073,diag_sum,166.96969696969697
s(gam_age_diag_sum),0.0814062713902337,1.265505848985113,diag_sum,168.88888888888889
s(gam_age_diag_sum),0.07935290077670767,1.2918933322566082,diag_sum,170.8080808080808
s(gam_age_diag_sum),0.07656506540462527,1.3176920365204727,diag_sum,172.72727272727272
s(gam_age_diag_sum),0.07302545542180758,1.3430104254284665,diag_sum,174.64646464646464
s(gam_age_diag_sum),0.06875174863911836,1.3679954419809155,diag_sum,176.56565656565655
s(gam_age_diag_sum),0.06379589621004418,1.3928232313538944,diag_sum,178.48484848484847
s(gam_age_diag_sum),0.05824043879017634,1.4176864204705035,diag_sum,180.4040404040404
s(gam_age_diag_sum),0.05219189323394044,1.442779275449899,diag_sum,182.3232323232323
s(gam_age_diag_sum),0.045771390370464106,1.468282304886151,diag_sum,184.24242424242425
s(gam_age_diag_sum),0.03910285852146063,1.4943478292907821,diag_sum,186.16161616161617
s(gam_age_diag_sum),0.03229912378974409,1.5210877023353238,diag_sum,188.08080808080808
s(gam_age_diag_sum),0.025446326833683718,1.5485638363953211,diag_sum,190
s(gam_age_pmax),-112.97567100829544,13.439399026519961,pmax,0
s(gam_age_pmax),-111.05399779028114,13.228594332935435,pmax,1.0101010101010102
s(gam_age_pmax),-109.13358939404885,13.01786569808897,pmax,2.0202020202020203
s(gam_age_pmax),-107.21634167647994,12.80719618822064,pmax,3.0303030303030303
s(gam_age_pmax),-105.30466490718058,12.596560806690654,pmax,4.040404040404041
s(gam_age_pmax),-103.40120036053082,12.385928442021084,pmax,5.050505050505051
s(gam_age_pmax),-101.50856338234432,12.175263974239199,pmax,6.0606060606060606
s(gam_age_pmax),-99.62911896574943,11.964530458465235,pmax,7.070707070707071
s(gam_age_pmax),-97.76479551480887,11.753691268655825,pmax,8.080808080808081
s(gam_age_pmax),-95.91694149602999,11.542712063415788,pmax,9.090909090909092
s(gam_age_pmax),-94.08622820108421,11.331562436013359,pmax,10.101010101010102
s(gam_age_pmax),-92.27260000849549,11.120217133649053,pmax,11.111111111111112
s(gam_age_pmax),-90.47527148772335,10.90865677324693,pmax,12.121212121212121
s(gam_age_pmax),-88.6927685891353,10.696868035169844,pmax,13.131313131313131
s(gam_age_pmax),-86.92300915657398,10.484843372619094,pmax,14.141414141414142
s(gam_age_pmax),-85.16341622213808,10.272580323225688,pmax,15.151515151515152
s(gam_age_pmax),-83.41105611256245,10.06008054259112,pmax,16.161616161616163
s(gam_age_pmax),-81.6627924047537,9.847348692940386,pmax,17.171717171717173
s(gam_age_pmax),-79.9154462758319,9.634391313500412,pmax,18.181818181818183
s(gam_age_pmax),-78.1659538284238,9.42121577654869,pmax,19.191919191919194
s(gam_age_pmax),-76.41151152878517,9.207829400883954,pmax,20.202020202020204
s(gam_age_pmax),-74.64970193445758,8.994238760353722,pmax,21.212121212121215
s(gam_age_pmax),-72.87859334065455,8.78044919578202,pmax,22.222222222222225
s(gam_age_pmax),-71.09680874665078,8.566464518570449,pmax,23.232323232323235
s(gam_age_pmax),-69.3035615229452,8.352286884655893,pmax,24.242424242424242
s(gam_age_pmax),-67.49865722377739,8.137916816613577,pmax,25.252525252525253
s(gam_age_pmax),-65.68246301169701,7.923353355563819,pmax,26.262626262626263
s(gam_age_pmax),-63.855848020478916,7.708594328513723,pmax,27.272727272727273
s(gam_age_pmax),-62.02009957165828,7.493636716972988,pmax,28.282828282828284
s(gam_age_pmax),-60.176821389621615,7.278477107249456,pmax,29.292929292929294
s(gam_age_pmax),-58.32782076645869,7.06311219242005,pmax,30.303030303030305
s(gam_age_pmax),-56.47499197476115,6.847539283554272,pmax,31.313131313131315
s(gam_age_pmax),-54.62020310822711,6.631756777672153,pmax,32.323232323232325
s(gam_age_pmax),-52.765192969821506,6.415764526482155,pmax,33.333333333333336
s(gam_age_pmax),-50.91148367623053,6.199564056127438,pmax,34.343434343434346
s(gam_age_pmax),-49.06031337970966,5.983158604554544,pmax,35.35353535353536
s(gam_age_pmax),-47.2125920164428,5.766552967585389,pmax,36.36363636363637
s(gam_age_pmax),-45.368881378055804,5.5497531729378435,pmax,37.37373737373738
s(gam_age_pmax),-43.529399178310676,5.332766027756805,pmax,38.38383838383839
s(gam_age_pmax),-41.6940452559081,5.115598604434982,pmax,39.3939393939394
s(gam_age_pmax),-39.862446712866564,4.8982577380706545,pmax,40.40404040404041
s(gam_age_pmax),-38.03401771665379,4.68074960595053,pmax,41.41414141414142
s(gam_age_pmax),-36.20802895318507,4.463079447020496,pmax,42.42424242424243
s(gam_age_pmax),-34.38368134318356,4.245251461908834,pmax,43.43434343434344
s(gam_age_pmax),-32.56017863685732,4.02726891751054,pmax,44.44444444444445
s(gam_age_pmax),-30.73679386649885,3.809134470202302,pmax,45.45454545454546
s(gam_age_pmax),-28.912925324791907,3.590850723040872,pmax,46.46464646464647
s(gam_age_pmax),-27.088138689189197,3.372421047836496,pmax,47.47474747474748
s(gam_age_pmax),-25.262193054717017,3.1538507350418405,pmax,48.484848484848484
s(gam_age_pmax),-23.43504988368479,2.935148586874982,pmax,49.494949494949495
s(gam_age_pmax),-21.60686514156099,2.716329152428405,pmax,50.505050505050505
s(gam_age_pmax),-19.77796607630982,2.497415943637459,pmax,51.515151515151516
s(gam_age_pmax),-17.948815134331603,2.278446227249368,pmax,52.525252525252526
s(gam_age_pmax),-16.119964323586647,2.059478492961164,pmax,53.535353535353536
s(gam_age_pmax),-14.29200388465205,1.8406047558798722,pmax,54.54545454545455
s(gam_age_pmax),-12.465509384744278,1.6219722042027878,pmax,55.55555555555556
s(gam_age_pmax),-10.640991301123202,1.4038243181873669,pmax,56.56565656565657
s(gam_age_pmax),-8.818850823210061,1.1865862481210205,pmax,57.57575757575758
s(gam_age_pmax),-6.999345011421186,0.9710621956627782,pmax,58.58585858585859
s(gam_age_pmax),-5.1825636561516815,0.7589583930725977,pmax,59.5959595959596
s(gam_age_pmax),-3.3684192462380915,0.5545418606737593,pmax,60.60606060606061
s(gam_age_pmax),-1.5566504540964767,0.37122659766452576,pmax,61.61616161616162
s(gam_age_pmax),0.2531614514120487,0.25930049657614856,pmax,62.62626262626263
s(gam_age_pmax),2.0615647723146573,0.31005687783511793,pmax,63.63636363636364
s(gam_age_pmax),3.869200415449414,0.47417476489085003,pmax,64.64646464646465
s(gam_age_pmax),5.676758666110785,0.6735741626253131,pmax,65.65656565656566
s(gam_age_pmax),7.484932933823012,0.8849182586786045,pmax,66.66666666666667
s(gam_age_pmax),9.294373816286859,1.1015286593196956,pmax,67.67676767676768
s(gam_age_pmax),11.10564669577737,1.3209761728215577,pmax,68.68686868686869
s(gam_age_pmax),12.919195723154191,1.5421978695791871,pmax,69.6969696969697
s(gam_age_pmax),14.735316492247719,1.7646660284565214,pmax,70.70707070707071
s(gam_age_pmax),16.554139008818993,1.9880946167018847,pmax,71.71717171717172
s(gam_age_pmax),18.375621769896682,2.212318270223367,pmax,72.72727272727273
s(gam_age_pmax),20.199556952210504,2.4372360497192727,pmax,73.73737373737374
s(gam_age_pmax),22.02558592394798,2.662782622484949,pmax,74.74747474747475
s(gam_age_pmax),23.853223599023426,2.8889121890559966,pmax,75.75757575757576
s(gam_age_pmax),25.681889595776724,3.1155888000016643,pmax,76.76767676767678
s(gam_age_pmax),27.510943778893857,3.3427801229298937,pmax,77.77777777777779
s(gam_age_pmax),29.33972357636414,3.5704532633583494,pmax,78.7878787878788
s(gam_age_pmax),31.167580478810017,3.798571999156142,pmax,79.7979797979798
s(gam_age_pmax),32.993913337146395,4.027095172361217,pmax,80.80808080808082
s(gam_age_pmax),34.81819645221135,4.2559761632627104,pmax,81.81818181818183
s(gam_age_pmax),36.64000096028919,4.485163424754195,pmax,82.82828282828284
s(gam_age_pmax),38.45900861551213,4.714602021460173,pmax,83.83838383838385
s(gam_age_pmax),40.27501770261521,4.94423603005859,pmax,84.84848484848486
s(gam_age_pmax),42.08794142862966,5.174011545937416,pmax,85.85858585858587
s(gam_age_pmax),43.89779968978289,5.403879938374787,pmax,86.86868686868688
s(gam_age_pmax),45.70470554673619,5.633800930486172,pmax,87.87878787878789
s(gam_age_pmax),47.508848033944815,5.8637450725661315,pmax,88.8888888888889
s(gam_age_pmax),49.31047305651136,6.093695238087452,pmax,89.89898989898991
s(gam_age_pmax),51.10986408364378,6.323646896684857,pmax,90.90909090909092
s(gam_age_pmax),52.9073241394462,6.553607090562102,pmax,91.91919191919193
s(gam_age_pmax),54.70316024081491,6.783592231888104,pmax,92.92929292929294
s(gam_age_pmax),56.497670972330894,7.0136250154374835,pmax,93.93939393939395
s(gam_age_pmax),58.291137362318814,7.243730870742383,pmax,94.94949494949496
s(gam_age_pmax),60.08381668193834,7.47393443706884,pmax,95.95959595959597
s(gam_age_pmax),61.87593828196091,7.704256521752769,pmax,96.96969696969697
s(gam_age_pmax),63.66770016011598,7.934711903413254,pmax,97.97979797979798
s(gam_age_pmax),65.45926466104095,8.165308188230837,pmax,98.98989898989899
s(gam_age_pmax),67.2507515886304,8.396045754926703,pmax,100
s(gam_age_pmin),53.51551929634658,6.4676197656881635,pmin,0
s(gam_age_pmin),51.92499964820746,6.276959540540406,pmin,0.9090909090909091
s(gam_age_pmin),50.334242323392985,6.086355794802975,pmin,1.8181818181818181
s(gam_age_pmin),48.742902035872746,5.8958048556745855,pmin,2.727272727272727
s(gam_age_pmin),47.15054198061859,5.7052994054390656,pmin,3.6363636363636362
s(gam_age_pmin),45.55668294917452,5.514829018144227,pmin,4.545454545454545
s(gam_age_pmin),43.96084818207417,5.324380874777576,pmin,5.454545454545454
s(gam_age_pmin),42.36260308619984,5.133940640937761,pmin,6.363636363636363
s(gam_age_pmin),40.76158897138876,4.943493459176379,pmin,7.2727272727272725
s(gam_age_pmin),39.157550067528476,4.753024982254618,pmin,8.181818181818182
s(gam_age_pmin),37.550353257544025,4.562522359926671,pmin,9.09090909090909
s(gam_age_pmin),35.94000018799184,4.371975093978154,pmin,10
s(gam_age_pmin),34.3266317042379,4.18137569462697,pmin,10.909090909090908
s(gam_age_pmin),32.710524810486355,3.990720101055634,pmin,11.818181818181818
s(gam_age_pmin),31.092082436184445,3.8000078611008905,pmin,12.727272727272727
s(gam_age_pmin),29.471817030571902,3.6092421138432593,pmin,13.636363636363637
s(gam_age_pmin),27.85032897638527,3.41842944495098,pmin,14.545454545454545
s(gam_age_pmin),26.2282809975026,3.2275797078174073,pmin,15.454545454545453
s(gam_age_pmin),24.60636990036942,3.036705919727905,pmin,16.363636363636363
s(gam_age_pmin),22.9852970682109,2.8458243547924313,pmin,17.272727272727273
s(gam_age_pmin),21.365739142360255,2.6549549744824663,pmin,18.18181818181818
s(gam_age_pmin),19.748320276105765,2.4641223781281756,pmin,19.09090909090909
s(gam_age_pmin),18.133587236058368,2.27335754504472,pmin,20
s(gam_age_pmin),16.521988436711958,2.082700820956461,pmin,20.90909090909091
s(gam_age_pmin),14.913857774370193,1.8922069614475185,pmin,21.818181818181817
s(gam_age_pmin),13.309404129041333,1.7019537738813988,pmin,22.727272727272727
s(gam_age_pmin),11.708706732972164,1.5120574207204023,pmin,23.636363636363637
s(gam_age_pmin),10.111716459023153,1.3227008959324442,pmin,24.545454545454543
s(gam_age_pmin),8.518262836981076,1.1341906325867905,pmin,25.454545454545453
s(gam_age_pmin),6.928066325627494,0.9470791155257127,pmin,26.363636363636363
s(gam_age_pmin),5.340755135497645,0.7624618124386653,pmin,27.272727272727273
s(gam_age_pmin),3.755885704084986,0.5828092649793603,pmin,28.18181818181818
s(gam_age_pmin),2.1729657797825483,0.4147746187815499,pmin,29.09090909090909
s(gam_age_pmin),0.5914789786561974,0.2803521255668877,pmin,30
s(gam_age_pmin),-0.9890903488397049,0.24390614924352713,pmin,30.909090909090907
s(gam_age_pmin),-2.5692330535371677,0.3389246959577568,pmin,31.818181818181817
s(gam_age_pmin),-4.149393106298632,0.4948680361337628,pmin,32.72727272727273
s(gam_age_pmin),-5.729948461314529,0.6706137064419385,pmin,33.63636363636363
s(gam_age_pmin),-7.311195601906652,0.8541154012414593,pmin,34.54545454545455
s(gam_age_pmin),-8.893338349334314,1.0413551924892483,pmin,35.45454545454545
s(gam_age_pmin),-10.47648129726438,1.230689613624249,pmin,36.36363636363636
s(gam_age_pmin),-12.060628007284638,1.4213341055295166,pmin,37.27272727272727
s(gam_age_pmin),-13.645683875481788,1.6128697833883425,pmin,38.18181818181818
s(gam_age_pmin),-15.231463367257469,1.805053890912615,pmin,39.090909090909086
s(gam_age_pmin),-16.817701126834475,1.9977369829670788,pmin,40
s(gam_age_pmin),-18.40406630230449,2.1908229136558273,pmin,40.90909090909091
s(gam_age_pmin),-19.99017933449808,2.384247868803871,pmin,41.81818181818182
s(gam_age_pmin),-21.575630381693003,2.5779686120818215,pmin,42.72727272727273
s(gam_age_pmin),-23.159998357272755,2.7719555178753588,pmin,43.63636363636363
s(gam_age_pmin),-24.74286972669048,2.966188246410357,pmin,44.54545454545455
s(gam_age_pmin),-26.32385623804535,3.1606529516613184,pmin,45.45454545454545
s(gam_age_pmin),-27.902610835712792,3.355340408803195,pmin,46.36363636363636
s(gam_age_pmin),-29.478841125048543,3.550244699510878,pmin,47.27272727272727
s(gam_age_pmin),-31.05231989882109,3.7453622314495036,pmin,48.18181818181818
s(gam_age_pmin),-32.62289239486781,3.9406909534748946,pmin,49.090909090909086
s(gam_age_pmin),-34.19048012125553,4.136229688011475,pmin,50
s(gam_age_pmin),-35.75508126407666,4.331977547625701,pmin,50.90909090909091
s(gam_age_pmin),-37.31676783704677,4.52793343712075,pmin,51.81818181818181
s(gam_age_pmin),-38.87567976976037,4.724095666312271,pmin,52.72727272727273
s(gam_age_pmin),-40.4320164991327,4.920461702454984,pmin,53.63636363636363
s(gam_age_pmin),-41.98602657411759,5.117028086629206,pmin,54.54545454545455
s(gam_age_pmin),-43.53799584484456,5.313790521371547,pmin,55.45454545454545
s(gam_age_pmin),-45.08823485284843,5.510744112918747,pmin,56.36363636363636
s(gam_age_pmin),-46.63706603951884,5.707883727398195,pmin,57.27272727272727
s(gam_age_pmin),-48.184811361105524,5.90520440208005,pmin,58.18181818181818
s(gam_age_pmin),-49.73178084352302,6.102701745028815,pmin,59.090909090909086
s(gam_age_pmin),-51.27826253285265,6.300372261183717,pmin,60
s(gam_age_pmin),-52.8245141951571,6.498213559251075,pmin,60.90909090909091
s(gam_age_pmin),-54.370757010056984,6.696224417294859,pmin,61.81818181818181
s(gam_age_pmin),-55.917171473697465,6.8944047080100175,pmin,62.72727272727273
s(gam_age_pmin),-57.46389548333085,7.092755211463527,pmin,63.63636363636363
s(gam_age_pmin),-59.01102451115323,7.29127735406927,pmin,64.54545454545455
s(gam_age_pmin),-60.55861369293256,7.489972914077533,pmin,65.45454545454545
s(gam_age_pmin),-62.10668157029681,7.688843725767234,pmin,66.36363636363636
s(gam_age_pmin),-63.65521516223389,7.887891399626436,pmin,67.27272727272727
s(gam_age_pmin),-65.20417599797717,8.087117059678235,pmin,68.18181818181817
s(gam_age_pmin),-66.75350672100755,8.286521087379239,pmin,69.0909090909091
s(gam_age_pmin),-68.30313787235072,8.48610285847012,pmin,70
s(gam_age_pmin),-69.8529944808235,8.685860466126645,pmin,70.9090909090909
s(gam_age_pmin),-71.40300213061272,8.885790439978697,pmin,71.81818181818181
s(gam_age_pmin),-72.95309220191407,9.085887494719994,pmin,72.72727272727272
s(gam_age_pmin),-74.50320605520768,9.286144354029245,pmin,73.63636363636364
s(gam_age_pmin),-76.05329802435492,9.4865517073415635,pmin,74.54545454545455
s(gam_age_pmin),-77.6033371484227,9.687098353474237,pmin,75.45454545454545
s(gam_age_pmin),-79.15330764630231,9.887771565406494,pmin,76.36363636363636
s(gam_age_pmin),-80.70320820955172,10.088557677749678,pmin,77.27272727272727
s(gam_age_pmin),-82.25305025306687,10.289442858087414,pmin,78.18181818181817
s(gam_age_pmin),-83.80285531743436,10.490413983709088,pmin,79.0909090909091
s(gam_age_pmin),-85.35265185901707,10.691459515317373,pmin,80
s(gam_age_pmin),-86.90247169182406,10.892570247244057,pmin,80.9090909090909
s(gam_age_pmin),-88.45234635523637,11.093739822918758,pmin,81.81818181818181
s(gam_age_pmin),-90.00230369950353,11.29496492852922,pmin,82.72727272727272
s(gam_age_pmin),-91.55236496474707,11.496245134988655,pmin,83.63636363636364
s(gam_age_pmin),-93.10254258860977,11.697582410864914,pmin,84.54545454545455
s(gam_age_pmin),-94.65283894975816,11.898980380307329,pmin,85.45454545454545
s(gam_age_pmin),-96.20324621539258,12.10044343934198,pmin,86.36363636363636
s(gam_age_pmin),-97.75374741831693,12.301975861734512,pmin,87.27272727272727
s(gam_age_pmin),-99.30431884707485,12.503581019211998,pmin,88.18181818181817
s(gam_age_pmin),-100.85493379473206,12.705260812544369,pmin,89.0909090909091
s(gam_age_pmin),-102.40556768166233,12.90701536751954,pmin,90
